{
	"name": "Noraneko42C",
	"vendorId": "0x7A79",
	"productId": "0x1526",
	"lighting": "vialrgb",
	"matrix": {
		"rows": 4,
		"cols": 12
	},
	"layouts": {
		"keymap": [
			[
				{
					"y": 5.15,
					"x": 2.5,
					"w": 1.25
				},
				"3,0",
				{
					"x": 6.25,
					"w": 1.25
				},
				"3,5"
			],
			[
				{
					"r": 10,
					"rx": 1,
					"y": 0.5,
					"x": 2.75
				},
				"0,3"
			],
			[
				{
					"y": -0.75,
					"x": 1.75
				},
				"0,2",
				{
					"x": 1
				},
				"0,4"
			],
			[
				{
					"y": -0.75,
					"x": 0.75
				},
				"0,1"
			],
			[
				{
					"y": -0.75,
					"x": 4.75
				},
				"0,5"
			],
			[
				{
					"y": -0.8999999999999999,
					"x": -0.25
				},
				"0,0"
			],
			[
				{
					"y": -0.8500000000000001,
					"x": 2.75
				},
				"1,3"
			],
			[
				{
					"y": -0.75,
					"x": 1.75
				},
				"1,2",
				{
					"x": 1
				},
				"1,4"
			],
			[
				{
					"y": -0.75,
					"x": 0.75
				},
				"1,1"
			],
			[
				{
					"y": -0.75,
					"x": 4.75
				},
				"1,5"
			],
			[
				{
					"y": -0.8999999999999999,
					"x": -0.25
				},
				"1,0"
			],
			[
				{
					"y": -0.8500000000000001,
					"x": 2.75
				},
				"2,3"
			],
			[
				{
					"y": -0.75,
					"x": 1.75
				},
				"2,2",
				{
					"x": 1
				},
				"2,4"
			],
			[
				{
					"y": -0.75,
					"x": 0.75
				},
				"2,1"
			],
			[
				{
					"y": -0.75,
					"x": 4.75
				},
				"2,5"
			],
			[
				{
					"y": -0.8999999999999999,
					"x": -0.25
				},
				"2,0"
			],
			[
				{
					"r": 15,
					"y": -0.14999999999999947,
					"x": 4.2,
					"w": 1.25
				},
				"3,1"
			],
			[
				{
					"r": 30,
					"y": -2.6,
					"x": 6.6
				},
				"3,2"
			],
			[
				{
					"r": -30,
					"y": 4.870000000000001,
					"x": 2.62
				},
				"3,3"
			],
			[
				{
					"r": -15,
					"y": -2.2200000000000006,
					"x": 5.9,
					"w": 1.25
				},
				"3,4"
			],
			[
				{
					"r": -10,
					"y": -3,
					"x": 6
				},
				"2,6"
			],
			[
				{
					"rx": 7,
					"ry": 0.965,
					"y": 0.535,
					"x": 2.25
				},
				"0,8"
			],
			[
				{
					"y": -0.75,
					"x": 1.25
				},
				"0,7",
				{
					"x": 1
				},
				"0,9"
			],
			[
				{
					"y": -0.75,
					"x": 4.25
				},
				"0,10"
			],
			[
				{
					"y": -0.75,
					"x": 0.25
				},
				"0,6",
				{
					"x": 4
				},
				"0,11"
			],
			[
				{
					"y": -0.75,
					"x": 2.25
				},
				"1,8"
			],
			[
				{
					"y": -0.75,
					"x": 1.25
				},
				"1,7",
				{
					"x": 1
				},
				"1,9"
			],
			[
				{
					"y": -0.75,
					"x": 4.25
				},
				"1,10"
			],
			[
				{
					"y": -0.75,
					"x": 0.25
				},
				"1,6",
				{
					"x": 4
				},
				"1,11"
			],
			[
				{
					"y": -0.73,
					"x": 2.25
				},
				"2,8"
			],
			[
				{
					"y": -0.7699999999999996,
					"x": 1.25
				},
				"2,7",
				{
					"x": 1
				},
				"2,9"
			],
			[
				{
					"y": -0.75,
					"x": 4.25
				},
				"2,10"
			],
			[
				{
					"y": -0.75,
					"x": 5.25
				},
				"2,11"
			]
		]
	}
}